insert into link_group (code, list_order, title) values ('organization', 1, 'サッカー団体');
insert into link_content (group_code, url, name) values ('organization', 'http://www.jfa.or.jp/', '日本サッカー協会 (JFA)');
insert into link_content (group_code, url, name) values ('organization', 'http://www.fifa.com/en/index.html', '国際サッカー連盟 (FIFA)');
insert into link_content (group_code, url, name) values ('organization', 'http://www.j-league.or.jp/', 'J.LEAGUE official site');
insert into link_content (group_code, url, name) values ('organization', 'http://www.jcy-football.com/', 'JAPAN CLUB YOUTH （ＪＣＹ）');
insert into link_content (group_code, url, name) values ('organization', 'http://www.eaff.com/j/', '東アジアサッカー連盟');
insert into link_content (group_code, url, name) values ('organization', 'http://futsal.jfa.or.jp/', '日本フットサル連盟');
insert into link_content (group_code, url, name) values ('organization', 'http://community.jfa.jp/modules/top/', 'JFAコミュニティー');
insert into link_content (group_code, url, name) values ('organization', 'http://www.chiba-fa.gr.jp/', '千葉県サッカー協会');
insert into link_content (group_code, url, name) values ('organization', 'http://www.jfa.jp/jfatop/kickoff.html', 'Ｋｉｃｋｏｆｆ（指導者 審判）');
insert into link_content (group_code, url, name) values ('organization', 'http://www.sportsite.jp/soccer/chiba/ffa/', '船橋市サッカー協会');
insert into link_content (group_code, url, name) values ('organization', 'http://homepage1.nifty.com/raj/', '日本サッカー審判協会');
insert into link_content (group_code, url, name) values ('organization', 'http://www.chibashi-fa.com/', '千葉市サッカー協会');
insert into link_content (group_code, url, name) values ('organization', 'http://www.sportsite.jp/soccer/chiba/ifa4/', '市川市サッカー協会第４種委員会');
insert into link_content (group_code, url, name) values ('organization', 'http://www.ufa.jp/', '浦安市サッカー協会');
insert into link_content (group_code, url, name) values ('organization', 'http://www.tokyofa.or.jp/', '（財）東京都サッカー協会');

insert into link_group (code, list_order, title) values ('team', 2, 'サッカーチーム（船橋市）');
insert into link_content (group_code, url, name) values ('team', 'http://www.sportsite.jp/sc/vivaio/index.html', 'ヴィヴァイオ船橋サッカークラブ（3種・４種）新');
insert into link_content (group_code, url, name) values ('team', 'http://www.vivaio-funabashi.com/', 'ヴィヴァイオ船橋サッカークラブ（3種・４種）');
insert into link_content (group_code, url, name) values ('team', 'http://www.geocities.jp/kitanara_fc_jp/', '北習ＦＣ');
insert into link_content (group_code, url, name) values ('team', 'http://sports.geocities.jp/fantasista_fc2002/', 'ファンタジスタF.C');
insert into link_content (group_code, url, name) values ('team', 'http://miyamaeast.ciao.jp/', 'F.C. MIYAMA EAST');
insert into link_content (group_code, url, name) values ('team', 'http://www.k-fc.net', '葛飾ＦＣ');
insert into link_content (group_code, url, name) values ('team', 'http://funabashieleven2002.com/', '船橋イレブン２００２');
insert into link_content (group_code, url, name) values ('team', 'http://fksc.web.fc2.com/', '船橋若松ＦＣ');
insert into link_content (group_code, url, name) values ('team', 'http://hoden.fc2web.com/', '船橋法典ＦＣ');
insert into link_content (group_code, url, name) values ('team', 'http://funabashi-jys.jimdo.com/', '船橋ＪＹＳ');
insert into link_content (group_code, url, name) values ('team', 'http://www.ninomiyafc.com/', '二宮FC');
insert into link_content (group_code, url, name) values ('team', 'http://sports.geocities.jp/goal_genius_fc/', 'ゴールジェニウス');
insert into link_content (group_code, url, name) values ('team', 'http://www.funasho-sc.org', '船小サッカークラブ（F.S.C）');
insert into link_content (group_code, url, name) values ('team', 'http://www.geocities.jp/ooanasoccer/', '大穴ＪＳＣ');
insert into link_content (group_code, url, name) values ('team', 'http://homepage3.nifty.com/myfc/', '三山ＦＣ');
insert into link_content (group_code, url, name) values ('team', 'http://zaxza.net/yagikitafc/', '八木が谷北FC');
insert into link_content (group_code, url, name) values ('team', 'http://1st.geocities.jp/kaijinspo/', '海神スポーツクラブ');
insert into link_content (group_code, url, name) values ('team', 'http://www.sportsite.jp/sc/chiba/funabashi/nakanogi/', '中野木FC');
insert into link_content (group_code, url, name) values ('team', 'http://komurofc.web.fc2.com/', '小室フットボールクラブ');
insert into link_content (group_code, url, name) values ('team', 'http://mfc.me.land.to/', '丸山ＦＣ');
insert into link_content (group_code, url, name) values ('team', 'http://www.sportsite.jp/sc/miyamoto-jsc/', '宮本ＪＳＣ');
insert into link_content (group_code, url, name) values ('team', 'http://www.sportsite.jp/sc/minedai-sss/', '峰台ＳＳＳ');
insert into link_content (group_code, url, name) values ('team', 'http://www.shiba-e.com/', '芝山東ＦＣ');
insert into link_content (group_code, url, name) values ('team', 'http://www.natsumi-fc.com/', '夏見ＦＣ');
insert into link_content (group_code, url, name) values ('team', 'http://papipo.jp/hp/futawasc2010/', '二和ＦＣ');

insert into link_group (code, list_order, title) values ('team-other', 3, 'サッカーチーム（船橋以外）');
insert into link_content (group_code, url, name) values ('team-other', 'http://www.sportsite.jp/sc/chiba-sc/', '千葉サッカークラブ');
insert into link_content (group_code, url, name) values ('team-other', 'http://www.sportsite.jp/sc/chiba/matsudo/ecusas_matsudo/', 'エクサス松戸サッカークラブ');
insert into link_content (group_code, url, name) values ('team-other', 'http://minamisc.com/', '南流山少年サッカークラブ');
insert into link_content (group_code, url, name) values ('team-other', 'http://www.sportsite.jp/sc/daito-fc/', '大久保東ＦＣ');
insert into link_content (group_code, url, name, comment) values ('team-other', 'http://www.fc-plaisir.com/', 'FCプレジール', '愛知県日進市を拠点に活動中の少年サッカーチーム');
insert into link_content (group_code, url, name, comment) values ('team-other', 'http://www.yakirisc.net/', '矢切サッカークラブ', '千葉県松戸市で活動中の少年サッカーチーム');
insert into link_content (group_code, url, name) values ('team-other', 'http://www.ac.cyberhome.ne.jp/~haru1/gsc/', '行徳サッカークラブ');
insert into link_content (group_code, url, name) values ('team-other', 'http://sport2003.org/', 'チームスポルトやちよ');
insert into link_content (group_code, url, name) values ('team-other', 'http://u-jsc.com/', '浦安ジュニアサッカークラブ');
insert into link_content (group_code, url, name) values ('team-other', 'http://www.minato-sc.com/', 'ミナトサッカークラブ');
insert into link_content (group_code, url, name) values ('team-other', 'http://www1.ocn.ne.jp/~mnm1984/', '南綾瀬フットボールクラブ');
insert into link_content (group_code, url, name, comment) values ('team-other', 'http://www.sportsite.jp/sc/weiss_blitz/', 'ヴァイスブリッツ', '千葉県白井市で活動するサッカークラブ<br>大島コーチが運営に携わっています');

insert into link_group (code, list_order, title) values ('kind', 4, '２種・３種');
insert into link_content (group_code, url, name) values ('kind', 'http://www18.ocn.ne.jp/~njpa/', '日本中学校体育連盟');
insert into link_content (group_code, url, name) values ('kind', 'http://www.zen-koutairen.com/', '財団法人 全国高等学校体育連盟');

insert into link_group (code, list_order, title) values ('league', 5, 'キッズリーグ');
insert into link_content (group_code, url, name) values ('league', 'http://www.sportsite.jp/soccer/chiba/fkl/', 'キッズリーグ公式サイト');

insert into link_group (code, list_order, title) values ('info', 6, 'サッカー情報');
insert into link_content (group_code, url, name) values ('info', 'http://www.footballresearch-japan.com/', 'サッカー総合研究所');
insert into link_content (group_code, url, name) values ('info', 'http://mf10.jp/junior/', '少年サッカー情報クラブ');
insert into link_content (group_code, url, name) values ('info', 'http://jr-soccer.jp/', 'ジュニアサッカーを応援しよう！');
insert into link_content (group_code, url, name, comment) values ('info', 'http://www.sakaiku.jp/', 'サカイク','自分で考えるサッカーを子どもたちに');
insert into link_content (group_code, url, name) values ('info', 'http://www5f.biglobe.ne.jp/~jlinks/', 'J\'Links');
insert into link_content (group_code, url, name) values ('info', 'http://maru22.blog29.fc2.com/', 'まるぶろ');
insert into link_content (group_code, url, name) values ('info', 'http://www.football.ne.jp/jrsoccer/', '日本の少年サッカー');
insert into link_content (group_code, url, name) values ('info', 'http://www.geocities.co.jp/Athlete-Crete/4112/index.html', 'サッカーママ養成講座');
insert into link_content (group_code, url, name) values ('info', 'http://www.football-search.net/', 'サッカーページに行こう');
insert into link_content (group_code, url, name) values ('info', 'http://tomsan.com/', 'トムさんドットコム');
insert into link_content (group_code, url, name, comment) values ('info', 'http://artisticfootball.fc2web.com/index.html', 'アーティスティック・フットボール', 'サッカーテクニック満載　選手は参考にしよう！');

insert into link_group (code, list_order, title) values ('shop', 998, 'サッカー関連ショップ');
insert into link_content (group_code, url, name) values ('shop', 'http://www.v-eleven.jp/', 'サッカーニフォームショップV-ELEVEN');
insert into link_content (group_code, url, name) values ('shop', 'http://www.b-point.com/', 'オりジナルＴシャツ製作（ビーポイント）');
insert into link_content (group_code, url, name) values ('shop', 'http://www.factoryz.jp/', 'サッカーショップFactoryZ');
insert into link_content (group_code, url, name, comment) values ('shop', 'http://www.soccer-plaza.jp/', 'サッカープラザ', 'サッカーユニフォーム専門店');
insert into link_content (group_code, url, name) values ('shop', 'http://www.miyama-worldsports.com/', 'ワールドスポーツ');
insert into link_content (group_code, url, name) values ('shop', 'http://www.serie.co.jp/index.php', 'サッカーショップ　セリエ');
insert into link_content (group_code, url, name) values ('shop', 'http://www.iwanosports.com/', 'イワノスポーツ');
insert into link_content (group_code, url, name) values ('shop', 'http://www.rakuten.ne.jp/gold/unionspo/', 'ユニオンスポーツ');
insert into link_content (group_code, url, name, comment) values ('shop', 'http://www.sportsite.jp/', 'スポルトサイトジェイピー', 'スポーツに関係するホームページサービスを激安で提供');
insert into link_content (group_code, url, name, comment) values ('shop', 'http://www.lindsp.com/', 'リンドバーグ', 'テーピング、ストレッチ用品、アジリティ用品');
insert into link_content (group_code, url, name, comment) values ('shop', 'http://www.fuel-inc.jp/', 'フットサルパーク　フュエル鎌ケ谷', '人工芝がとてもきれいなフットサル場。体育館練習などお世話になっています。');

insert into link_group (code, list_order, title) values ('other', 999, 'その他（役立ち情報）');
insert into link_content (group_code, url, name) values ('other', 'http://www.pref.chiba.jp/', '千葉県のホームページ');
insert into link_content (group_code, url, name) values ('other', 'http://www.city.funabashi.chiba.jp/', '船橋市のホームページ');
insert into link_content (group_code, url, name) values ('other', 'http://dim2web03.wni.co.jp/funabashicity/pinpoint2/index.html', '船橋市の天気予報');
insert into link_content (group_code, url, name) values ('other', 'http://www.jma.go.jp/jp/yoho/', '天気予報（気象庁）');
insert into link_content (group_code, url, name) values ('other', 'http://www.yanbohmarboh.jp/tenki/yoho/s12.html', '天気予報');
insert into link_content (group_code, url, name) values ('other', 'http://www.google.co.jp/', 'Google');
insert into link_content (group_code, url, name) values ('other', 'http://www.jreast-timetable.jp/', 'ＪＲ東日本時刻表');
insert into link_content (group_code, url, name) values ('other', 'http://www.yahoo.co.jp/', 'yahoo');
insert into link_content (group_code, url, name) values ('other', 'http://www.mahoroba.ne.jp/~gonbe007/hog/shouka/00_songs.html', 'なつかしい歌検索');
insert into link_content (group_code, url, name) values ('other', 'http://kids.yahoo.co.jp/', 'Yahoo!きっず');
insert into link_content (group_code, url, name) values ('other', 'http://www.himekuricalendar.com/', 'カレンダー');
insert into link_content (group_code, url, name) values ('other', 'http://www.linksyu.com/', '便利ページ　【実用リンク集】');
insert into link_content (group_code, url, name) values ('other', 'http://www.benri.ne.jp/', '仕事に役立つ便利なサイト');
insert into link_content (group_code, url, name) values ('other', 'http://www.tt.rim.or.jp/~rudyard/index.html', '誤字等の館');
insert into link_content (group_code, url, name) values ('other', 'http://ja.wikipedia.org/', 'フリー百科事典『ウィキペディア（Wikipedia）』');

insert into image_group (code, name) values ('staff', 'スタッフ');
insert into image_content (group_code, title, file_path, comment) values ('staff', '', '/images/staff/sl-img_1119.jpg', '');
insert into image_content (group_code, title, file_path, comment) values ('staff', '', '/images/staff/sl-img_0396.jpg', '');
insert into image_content (group_code, title, file_path, comment) values ('staff', '', '/images/staff/s-img_4913.jpg', '');
insert into image_content (group_code, title, file_path, comment) values ('staff', '', '/images/staff/sl-img_1472.jpg', '');
insert into image_content (group_code, title, file_path, comment) values ('staff', '', '/images/staff/sl-img_1438.jpg', '');
insert into image_content (group_code, title, file_path, comment) values ('staff', '', '/images/staff/s-img_2339.jpg', '');
insert into image_content (group_code, title, file_path, comment) values ('staff', '', '/images/staff/s-img_2929.jpg', '');
insert into image_content (group_code, title, file_path, comment) values ('staff', '', '/images/staff/s-img_2979.jpg', '');
insert into image_content (group_code, title, file_path, comment) values ('staff', '', '/images/staff/s-img_2766.jpg', '');
insert into image_content (group_code, title, file_path, comment) values ('staff', '', '/images/staff/s-kami.jpg', '');
insert into image_content (group_code, title, file_path, comment) values ('staff', '', '/images/staff/s-taiga.jpg', '');
insert into image_content (group_code, title, file_path, comment) values ('staff', '', '/images/staff/s-mucchi.jpg', '');
insert into image_content (group_code, title, file_path, comment) values ('staff', '', '/images/staff/s-img_4239.jpg', '');

insert into image_group (code, name) values ('album_7', 'グラスぽ');
insert into image_content (group_code, title, file_path, comment) values ('album_7', '', '/images/album/pict115.jpg', '');
insert into image_content (group_code, title, file_path, comment) values ('album_7', '', '/images/album/pict116.jpg', '');
insert into image_content (group_code, title, file_path, comment) values ('album_7', '', '/images/album/pict118.jpg', '');


insert into glossary_line (code, name) values ('01', 'あ行');
insert into glossary_line (code, name) values ('02', 'か行');
insert into glossary_line (code, name) values ('03', 'さ行');
insert into glossary_line (code, name) values ('04', 'た行');
insert into glossary_line (code, name) values ('05', 'な行');
insert into glossary_line (code, name) values ('06', 'は行');
insert into glossary_line (code, name) values ('07', 'ま行');
insert into glossary_line (code, name) values ('08', 'や行');
insert into glossary_line (code, name) values ('09', 'ら行');
insert into glossary_line (code, name) values ('10', 'わ行');

insert into glossary_contents (code, title, content) values ('01', 'アイコンタクト', 'ボールを保持しているプレーヤーとパスを受ける味方プレーヤーが目を合わせること。練習を積んでいると目を合わせることでタイミングがはかれ、パスのコースを予測できるコミュニケーションの手段のひとつ。目と目の合図でお互いの意志疎通を図る際に用いられる。パスを出すタイミングをとるときに非常に重要となる。');
insert into glossary_contents (code, title, content) values ('01','アウトサイドキック','「足首の外側」で蹴るキック。比較的近くにシュート、パス、クリアする時に使う。');
insert into glossary_contents (code, title, content) values ('01','アウトスウィング','ゴールから遠ざかる方向にスワーブするキックのこと。コーナーキックの場合は、アウトスウィングコーナーと呼ぶ（cf.インスウィング）。');
insert into glossary_contents (code, title, content) values ('01','アウトフロントキック','「足の外側の甲」で蹴るキック。カーブをかけて、強くまたは比較的遠くにシュート、パス、クリアする時に使う。');
insert into glossary_contents (code, title, content) values ('01','あがる','ミッドフィルダーやディフェンダーが攻撃に参加すること。守備から攻撃に移る時にプレーヤーが自陣ゴールから離れること。ディフェンダーに対して「上がれ！」のように使う。');
insert into glossary_contents (code, title, content) values ('01', 'あげる（上げる）', '攻撃においてゴール前などの中央にボールをフィードすること。「センターリングを上げる」のように使う。「入れる」とも言う。守備においてディフェンスラインをハーフウェーラインに近づけること。「守備ラインを上げる」のように使う。');
insert into glossary_contents (code, title, content) values ('01', 'アシスト', '味方が得点できるようにパスを出すこと、または出したプレーヤー。');
insert into glossary_contents (code, title, content) values ('01', 'アジリティ', 'バランス、巧緻性、スピードなどを含む体力要素のひとつで、瞬発力とともに反応及び、細かな方向変化を含む素早い動きをこなす能力のこと。日本の選手の課題として取り上げられており、とくに１対１におけるディフェンスの対応に要求される。');
insert into glossary_contents (code, title, content) values ('01', 'あたる（当たる）','ボールを持っている相手プレーヤーにショルダーチャージやタックルで当たること。チェックとかチャレンジとも言う。むやみに１対１で当たるのではなく、後方にカバーをするプレーヤーがいるとよい。');
insert into glossary_contents (code, title, content) values ('01', 'アドバンテージ', '反則があった場合に、反則された方が有利にゲームを進めていると主審が判断した時、ゲームを止めずに続けること。');
insert into glossary_contents (code, title, content) values ('01', 'アーリークロス', 'クロスの一種。相手ディフェンダーが戻りきらないうちに、ディフェンスラインとゴールキーパーの間を狙って、浅い位置から早めに入れるクロスのこと。');
insert into glossary_contents (code, title, content) values ('01', 'アンティシペーション', '「予測」、「読み」のことで、サッカーでもっとも大切な能力のひとつ。');
/*insert into glossary_contents (code, title, content) values ('01', 'イエローカード', '');*/
insert into glossary_contents (code, title, content) values ('01', 'いれる（入れる）', '攻撃においてゴール前などの中央にボールをフィードすること。「センターリングを入れる」のように使う。「上げる」とも言う。選手交代で「交代選手を入れる」とも使う。');
insert into glossary_contents (code, title, content) values ('01', 'インサイドキック', '「足首の内側」で蹴るキック。比較的近くに正確にシュート、パス、クリアする時に使う。');
insert into glossary_contents (code, title, content) values ('01', 'インスウィング', 'ゴールに近づく方向にスワーブするキックのこと。コーナーキックの場合は、インスウィングコーナーと呼ぶ（cf.アウトスウィング）。');
insert into glossary_contents (code, title, content) values ('01', 'インステップキック', '「足の甲」で蹴るキック。真っ直ぐに、強くまたは比較的遠くにシュート、パス、クリアする時に使う。');
insert into glossary_contents (code, title, content) values ('01', 'インターセプト', 'パスをしている相手のボールを奪うこと。カットとも言う。');
insert into glossary_contents (code, title, content) values ('01', 'インプロビゼーション', '即興性、あるいは瞬間的な「ひらめき」のこと。「基本」と相反する言葉に思われがちだが、オフ・ザ・ボールにおける視野の確保などといった「基本」ができていればこそ現れるものである。(2000)');
insert into glossary_contents (code, title, content) values ('01', 'インフロントキック', '「足の内側の甲」で蹴るキック。カーブをかけて、強くまたは比較的遠くにシュート、パス、クリアする時に使う。');
insert into glossary_contents (code, title, content) values ('01', 'ウィング', 'フォワードが３人以上いるフォーメーションの時に両端にいるフォワードのこと。コートを縦にわけたときのタッチライン寄りの地域のこと。あるいはその地域でプレーする攻撃選手のこと。世界では、フランク（Flank）の方が広く用いられている。');
insert into glossary_contents (code, title, content) values ('01', 'ウィングバック', 'ディフェンダー（バック）が３人以上いるフォーメーションの時に両端にいるディフェンダーのこと。サイドバック。');
insert into glossary_contents (code, title, content) values ('01', 'ウェッジコントロール', '足の裏、インサイド、アウトサイド、すねなどを使って地面にボールを押さえつけるようにコントロールする。キチンと三角形をつくること、斜めの屋根をつくることが大切。「クッションコントロール」の対語。ボールコントロールの一種。足首と地面の間にある角度をつくって、ボールコントロールする技術のこと。');
insert into glossary_contents (code, title, content) values ('01', 'うら（裏）', 'ディフェンスラインとゴールの間のスペース。このスペースにスルーパスなどのパスを入れて攻撃すると得点に結びつきやすい。「パスを裏に通す」「ディフェンスラインの裏を突く」のように使う。');
insert into glossary_contents (code, title, content) values ('01', 'エンド', 'ハーフウェーラインの味方側と相手側を区別して呼ぶ時に、味方エンドと相手エンドと言う。');
insert into glossary_contents (code, title, content) values ('01', 'オウンゴール(ＯＧ)', '味方のゴールにボールを入れてしまうこと。自殺点と呼ぶこともある。');
insert into glossary_contents (code, title, content) values ('01', 'オーバー！', '「ボールに触れないで次ぎの動きをしろ！」という意味を表す言葉。自分の後方にパスを受ける味方の選手がいる場合や、縦パスを受ける際に前方（攻撃方向）にスペースがあり、トラップの必要がない場合などに味方が掛ける言葉。');
insert into glossary_contents (code, title, content) values ('01', 'オーバーヘッドキック', '空中にあるボールを自分の頭越しに後方へ蹴ること。クルッと回すと「バイシクルキック」とも言う。');
insert into glossary_contents (code, title, content) values ('01', 'オーバーラップ', 'ディフェンダーが前線に上がり、攻撃に参加すること。ボールの後方から、ボールを持っている選手の背後を通ってその選手を通り越し、前方のスペースに飛び出す動き。動く方向が重なることからつけられた。動く方向が逆の場合は、クロスオーバー。');
insert into glossary_contents (code, title, content) values ('01', 'オフェンシブ・ハーフ(ＯＨ)', '攻撃的ミッドフィルダー（ＭＦ）。');
insert into glossary_contents (code, title, content) values ('01', 'オフサイド', '相手サイドで、ボールより相手側で、２人目の相手チームのプレーヤーより相手ゴールに近いの位置を「オフサイドの位置」と言う。そうでない位置を「オンサイド」と言う。「オフサイドの反則」は、いわゆる待ち伏せ行為を禁止するルールで、相手サイドでパスを受けるプレーヤーより前に、相手チームのプレーヤーが２人以上いなければならない。オフサイドの反則は、間接フリーキックが相手に与えられる。');
insert into glossary_contents (code, title, content) values ('01', 'オフサイドトラップ', '守備の最終ラインを通常よりハーフウェーラインに近くにして、相手の「オフサイドの反則」を狙う高度な戦術のこと。相手チームがパスを出す直前に味方チームの守備ラインを上げ、パスを受ける相手チームのプレーヤーを残してオフサイドの反則にする。ディフェンス側が最終ラインを操作することによって、相手プレーヤを意図的にオフサイドにさせるようにする守備の戦術。');
insert into glossary_contents (code, title, content) values ('01', 'オフ･ザ･ボールの動き', 'ボールを持っていない局面（状況）での動き。時間、スペースの限定された現代サッカーでは、ボールを受ける前、すなわち、オフ・ザ・ボールの動きが、さまざまな局面での勝負の重要なファクターとなる。');
insert into glossary_contents (code, title, content) values ('01', 'オープン攻撃', '相手プレーヤーの少ない領域（オープンスペース）にパスを出して攻撃すること。コーナーフラッグ付近の両サイドのオープンスペースにパスを出すことが多いので、「サイドアタック」とも言う。');
insert into glossary_contents (code, title, content) values ('01', 'オープンスキル', '絶えず変化して不安的な環境でなされ、予測が困難なスキルを指す。サッカーやバレーボールなどの集団スポーツとテニスや柔道のような対人的スポーツである。対人動作。これに対し「クローズド・スキル」は、環境な変化が少なく安定しており、予測が容易なスキルを指す。陸上、水泳、ゴルフなどの個人的スポーツでも単独の技能、ドリブル、パス、シュートなどを取り上げるとクローズドスキルとなる。個人技。');
insert into glossary_contents (code, title, content) values ('01', 'オープンスペース', '相手プレーヤーのいない空いている領域。ここにパスを出すと相手守備陣を崩しチャンスを作ることができる。');
insert into glossary_contents (code, title, content) values ('01', 'オブストラクション', '直接ボールにプレーしないで相手を妨害する行為。ルール改訂で「オブストラクション」と言う用語は使われなくなり、「インピード(impedestheprogressofanopponent)」と言う表現に変わった。間接フリーキックが相手に与えられる。');
insert into glossary_contents (code, title, content) values ('01', 'オンサイド', '「オフサイドの反則」を取られない位置。');

insert into glossary_contents (code, title, content) values ('02','カウンター攻撃（カウンターアタック）','自陣での守備でボールを相手から奪い、縦パスやスルーパスを用いた速攻による逆襲、反撃。カウンターアタックとも言う。相手の守備体制が整っていないうちに素早くしかける攻撃。');
insert into glossary_contents (code, title, content) values ('02','かこむ（囲む）','相手プレーヤーがパスをするところを探しているような時に、３～４人で囲むこと。囲むことによりパスを出せなくし、相手プレーヤーからボールを奪う戦術。');
insert into glossary_contents (code, title, content) values ('02','かたまる（固まる）','ボールの近くに多くのプレーヤーが集まってしまう状態。小学校低学年ではボールのある所に敵・味方とも大勢集まってラグビーのようになる。固まらないで人のいない所に散らばると得をすることをアドバイスし、オープンスペースの使い方を指導する。');
insert into glossary_contents (code, title, content) values ('02','カバー、カバーリング','パスやシュートを出されやすい地域、味方プレーヤーの背後や移動した後の地域を注意して守ること。味方プレーヤーが相手プレーヤーのボールを奪うためにチャージやタックルをする時に、こぼれ球を奪ったり、抜かれた場合に備えること。味方ディフェンダーが攻撃者に突破されたときに、他のディフェンダーがすぐ守りに行くこと。あるいは、すぐ守りに行けるポジションをとっていること。');

INSERT INTO `kscdb`.`album` (`year`, `title`) VALUES (2007, 'サッカースクール　4期生　（６月２３日グラスポにて）');
INSERT INTO `kscdb`.`album` (`year`, `title`) VALUES (2007, '第１回キッズリーグ　3期生　第１節（７月２１日）');
INSERT INTO `kscdb`.`album` (`year`, `title`) VALUES (2007, '第１回キッズリーグ　4期生　第１節（７月２１日）');
INSERT INTO `kscdb`.`album` (`year`, `title`) VALUES (2007, '第１回キッズリーグ　5期生　第１節（７月２１日）');
INSERT INTO `kscdb`.`album` (`year`, `title`) VALUES (2007, '７月２８日　1～5期生　グラスポにて中野木ＦＣとの練習試合');
INSERT INTO `kscdb`.`album` (`year`, `title`) VALUES (2007, 'サッカースクール　4期生　（８月１日グラスポにて）　');

insert into information (start_at, end_of, detail) values('2015-01-01 00:00:00', '2018-07-25 23:59:59',
'ホームページの更新が事情により滞っています。<br>
<br>
予定表は随時更新しています。<br>
ご確認ください。<br>
<font color="#000000">予定表</font>　<a href="http://freecalend.com/open/mem33650" target="_blank">http://freecalend.com/open/mem33650</a><br>
<br>
また、facebookには活動内容を随時掲載しています。<br>
ご確認ください。<br>
facebook <a href="https://www.facebook.com/funabashi.ksc" target="_blank">https://www.facebook.com/funabashi.ksc</a><br>
<br>
<br>
体験練習をいつでも行っています。<br>
ご参加お待ちします。<br>
下記確認頂きご参加ください。<br>
<br>
■運動できる服装<br>
■水筒<br>
■サッカーボール（なければチームで貸与します）<br>
※怪我については応急処置のみ対応します。<br>
<br>
当日の練習前にグラウンドのコーチまたは保護者に声を掛けてください。<br>
事前連絡は、ファイスブックのメッセージまたは、<br>
kowagamasc@yahoo.co.jp　へ連絡いただければご案内いたします。<br>
facebook <a href="https://www.facebook.com/funabashi.ksc" target="_blank">https://www.facebook.com/funabashi.ksc</a><br>
予定表　<a href="http://freecalend.com/open/mem33650" target="_blank">http://freecalend.com/open/mem33650</a><br>
')
